{
  "total_games": 6,
  "total_moves": 224,
  "total_duration": 526.5806562900543,
  "avg_game_duration": 87.76344271500905,
  "avg_moves_per_game": 37.333333333333336,
  "results": {
    "white_wins": 0,
    "black_wins": 0,
    "draws": 6,
    "win_rate": 0.0,
    "draw_rate": 1.0
  },
  "timing": {
    "avg_time_per_move": 2.3501142965895787,
    "min_time_per_move": 0.004718780517578125,
    "max_time_per_move": 17.250284910202026,
    "time_variance": 5.428731936421082
  },
  "resources": {
    "avg_cpu_usage": 39.062966507176974,
    "avg_memory_usage": 62.38047846889954,
    "peak_memory_gb": 10.008529663085938
  }
}