{
  "best": 1400.0963082297728,
  "enhanced_best": 1599.9036917702272
}