{
  "best": 1473.0567440659222,
  "enhanced_best": 1526.9432559340778
}