{
  "best": 1493.7127751166247,
  "enhanced_best": 1506.2872248833753
}