{
  "best": 1495.708910063118,
  "enhanced_best": 1504.291089936882
}