{
  "best": 1489.5634533830992,
  "enhanced_best": 1510.4365466169008
}