{
  "best": 1496.1886313407954,
  "enhanced_best": 1503.8113686592046
}