{
  "best": 1488.9126056633602,
  "enhanced_best": 1511.0873943366398
}