{
  "best": 1434.071058164281,
  "enhanced_best": 1565.928941835719
}