{
  "best": 1492.4896523062591,
  "enhanced_best": 1507.5103476937409
}