{
  "best": 1465.0089261512219,
  "enhanced_best": 1534.9910738487781
}