{
  "best": 1490.7291371872097,
  "enhanced_best": 1509.2708628127903
}